<?xml version="1.0" encoding="UTF-8"?>
<GenRun Id="impl_1" LaunchPart="xc7z007sclg400-1" LaunchTime="1713462169">
  <File Type="PA-TCL" Name="myManager_v1_0_M00_AXI.tcl"/>
  <File Type="BITSTR-BMM" Name="myManager_v1_0_M00_AXI_bd.bmm"/>
  <File Type="REPORTS-TCL" Name="myManager_v1_0_M00_AXI_reports.tcl"/>
  <File Type="OPT-DCP" Name="myManager_v1_0_M00_AXI_opt.dcp"/>
  <File Type="OPT-DRC" Name="myManager_v1_0_M00_AXI_drc_opted.rpt"/>
  <File Type="OPT-HWDEF" Name="myManager_v1_0_M00_AXI.hwdef"/>
  <File Type="PWROPT-DCP" Name="myManager_v1_0_M00_AXI_pwropt.dcp"/>
  <File Type="PLACE-DCP" Name="myManager_v1_0_M00_AXI_placed.dcp"/>
  <File Type="PLACE-PRE-SIMILARITY" Name="myManager_v1_0_M00_AXI_incremental_reuse_pre_placed.rpt"/>
  <File Type="BG-BGN" Name="myManager_v1_0_M00_AXI.bgn"/>
  <File Type="POSTPLACE-PWROPT-DCP" Name="myManager_v1_0_M00_AXI_postplace_pwropt.dcp"/>
  <File Type="BG-BIN" Name="myManager_v1_0_M00_AXI.bin"/>
  <File Type="PHYSOPT-DCP" Name="myManager_v1_0_M00_AXI_physopt.dcp"/>
  <File Type="BITSTR-MSK" Name="myManager_v1_0_M00_AXI.msk"/>
  <File Type="ROUTE-ERROR-DCP" Name="myManager_v1_0_M00_AXI_routed_error.dcp"/>
  <File Type="ROUTE-DCP" Name="myManager_v1_0_M00_AXI_routed.dcp"/>
  <File Type="ROUTE-BLACKBOX-DCP" Name="myManager_v1_0_M00_AXI_routed_bb.dcp"/>
  <File Type="BITSTR-LTX" Name="myManager_v1_0_M00_AXI.ltx"/>
  <File Type="BITSTR-MMI" Name="myManager_v1_0_M00_AXI.mmi"/>
  <File Type="BITSTR-SYSDEF" Name="myManager_v1_0_M00_AXI.sysdef"/>
  <File Type="ROUTE-TIMING-PB" Name="myManager_v1_0_M00_AXI_timing_summary_routed.pb"/>
  <File Type="POSTROUTE-PHYSOPT-DCP" Name="myManager_v1_0_M00_AXI_postroute_physopt.dcp"/>
  <File Type="POSTROUTE-PHYSOPT-BLACKBOX-DCP" Name="myManager_v1_0_M00_AXI_postroute_physopt_bb.dcp"/>
  <File Type="BG-BIT" Name="myManager_v1_0_M00_AXI.bit"/>
  <File Type="BITSTR-RBT" Name="myManager_v1_0_M00_AXI.rbt"/>
  <File Type="BITSTR-NKY" Name="myManager_v1_0_M00_AXI.nky"/>
  <File Type="BG-DRC" Name="myManager_v1_0_M00_AXI.drc"/>
  <File Type="RDI-RDI" Name="myManager_v1_0_M00_AXI.vdi"/>
  <File Type="WBT-USG" Name="usage_statistics_webtalk.html"/>
  <FileSet Name="sources" Type="DesignSrcs" RelSrcDir="$PSRCDIR/sources_1">
    <Filter Type="Srcs"/>
    <File Path="$PSRCDIR/sources_1/new/char8x12_lookup_table.vhd">
      <FileInfo>
        <Attr Name="UsedIn" Val="synthesis"/>
        <Attr Name="UsedIn" Val="simulation"/>
      </FileInfo>
    </File>
    <File Path="$PSRCDIR/sources_1/new/myManager_v1_0_M00_AXI.vhd">
      <FileInfo>
        <Attr Name="UsedIn" Val="synthesis"/>
        <Attr Name="UsedIn" Val="simulation"/>
      </FileInfo>
    </File>
    <File Path="$PSRCDIR/sources_1/new/scancode2ascii.vhd">
      <FileInfo>
        <Attr Name="AutoDisabled" Val="1"/>
        <Attr Name="UsedIn" Val="synthesis"/>
        <Attr Name="UsedIn" Val="simulation"/>
      </FileInfo>
    </File>
    <File Path="$PSRCDIR/sources_1/bd/design_1/design_1.bd">
      <FileInfo>
        <Attr Name="AutoDisabled" Val="1"/>
        <Attr Name="UsedIn" Val="synthesis"/>
        <Attr Name="UsedIn" Val="implementation"/>
        <Attr Name="UsedIn" Val="simulation"/>
      </FileInfo>
    </File>
    <File Path="$PSRCDIR/component.xml">
      <FileInfo SFType="IPXACT"/>
    </File>
    <Config>
      <Option Name="DesignMode" Val="RTL"/>
      <Option Name="TopModule" Val="myManager_v1_0_M00_AXI"/>
    </Config>
  </FileSet>
  <FileSet Name="constrs_in" Type="Constrs" RelSrcDir="$PSRCDIR/constrs_1">
    <Filter Type="Constrs"/>
    <File Path="$PSRCDIR/constrs_1/new/Cora-Z7-07s-Master.xdc">
      <FileInfo>
        <Attr Name="UsedIn" Val="synthesis"/>
        <Attr Name="UsedIn" Val="implementation"/>
      </FileInfo>
    </File>
    <Config>
      <Option Name="ConstrsType" Val="XDC"/>
    </Config>
  </FileSet>
  <FileSet Name="utils" Type="Utils" RelSrcDir="$PSRCDIR/utils_1">
    <Filter Type="Utils"/>
    <Config>
      <Option Name="TopAutoSet" Val="TRUE"/>
    </Config>
  </FileSet>
  <Strategy Version="1" Minor="2">
    <StratHandle Name="Vivado Implementation Defaults" Flow="Vivado Implementation 2019"/>
    <Step Id="init_design"/>
    <Step Id="opt_design"/>
    <Step Id="power_opt_design"/>
    <Step Id="place_design"/>
    <Step Id="post_place_power_opt_design"/>
    <Step Id="phys_opt_design"/>
    <Step Id="route_design"/>
    <Step Id="post_route_phys_opt_design"/>
    <Step Id="write_bitstream"/>
  </Strategy>
</GenRun>
